{"cameraMode":{"drawMode":0,"name":"Shaded","section":"Shading Mode"},"sceneLighting":false,"audioPlay":false,"sceneViewState":{"showFog":true,"showMaterialUpdate":false,"showSkybox":true,"showFlares":true,"showImageEffects":true,"showParticleSystems":true},"in2DMode":false,"pivot":{"x":-1.0,"y":0.30909600853919985,"z":-0.02208462357521057},"rotation":{"x":-0.012614162638783455,"y":-0.9825801849365234,"z":0.0726560577750206,"w":-0.1705819070339203},"size":1.617031216621399,"orthographic":true}