{"cameraMode":{"drawMode":0,"name":"Shaded","section":"Shading Mode"},"sceneLighting":false,"audioPlay":false,"sceneViewState":{"showFog":true,"showMaterialUpdate":false,"showSkybox":true,"showFlares":true,"showImageEffects":true,"showParticleSystems":true},"in2DMode":false,"pivot":{"x":0.029410600662231447,"y":0.72381591796875,"z":0.07061767578125},"rotation":{"x":0.11315849423408508,"y":-0.0012211764696985484,"z":0.00010777744319057092,"w":0.9935762286186218},"size":0.46715402603149416,"orthographic":true}