{"cameraMode":{"drawMode":0,"name":"Shaded","section":"Shading Mode"},"sceneLighting":false,"audioPlay":false,"sceneViewState":{"showFog":true,"showMaterialUpdate":false,"showSkybox":true,"showFlares":true,"showImageEffects":true,"showParticleSystems":true},"in2DMode":false,"pivot":{"x":0.5391387939453125,"y":-0.33985376358032229,"z":0.039338111877441409},"rotation":{"x":-0.3405900001525879,"y":0.31269124150276186,"z":-0.12124652415513993,"w":-0.8783632516860962},"size":2.086411714553833,"orthographic":false}