{"cameraMode":{"drawMode":0,"name":"Shaded","section":"Shading Mode"},"sceneLighting":false,"audioPlay":false,"sceneViewState":{"showFog":true,"showMaterialUpdate":false,"showSkybox":true,"showFlares":true,"showImageEffects":true,"showParticleSystems":true},"in2DMode":false,"pivot":{"x":1.123461127281189,"y":-0.35588550567626955,"z":-0.969771146774292},"rotation":{"x":-0.5715572834014893,"y":-0.0024584506172686817,"z":0.0017136003589257599,"w":-0.8205567598342896},"size":8.985671043395996,"orthographic":false}