{"cameraMode":{"drawMode":0,"name":"Shaded","section":"Shading Mode"},"sceneLighting":false,"audioPlay":false,"sceneViewState":{"showFog":true,"showMaterialUpdate":false,"showSkybox":true,"showFlares":true,"showImageEffects":true,"showParticleSystems":true},"in2DMode":false,"pivot":{"x":4.305609703063965,"y":9.614147186279297,"z":8.735140800476075},"rotation":{"x":0.32747289538383486,"y":-0.4772266149520874,"z":0.19747866690158845,"w":0.79121333360672},"size":77.35905456542969,"orthographic":true}