{"cameraMode":{"drawMode":0,"name":"Shaded","section":"Shading Mode"},"sceneLighting":false,"audioPlay":false,"sceneViewState":{"showFog":true,"showMaterialUpdate":false,"showSkybox":true,"showFlares":true,"showImageEffects":true,"showParticleSystems":true},"in2DMode":false,"pivot":{"x":1.3555908203125,"y":1.091796875,"z":-1.521484375},"rotation":{"x":-0.9053670763969421,"y":0.013977988623082638,"z":-0.029890786856412889,"w":-0.42334577441215517},"size":14.289427757263184,"orthographic":true}