{"cameraMode":{"drawMode":0,"name":"Shaded","section":"Shading Mode"},"sceneLighting":false,"audioPlay":false,"sceneViewState":{"showFog":true,"showMaterialUpdate":false,"showSkybox":true,"showFlares":true,"showImageEffects":true,"showParticleSystems":true},"in2DMode":false,"pivot":{"x":-4.0,"y":0.3832647204399109,"z":-1.0123820304870606},"rotation":{"x":-0.00906976219266653,"y":-0.9895865321159363,"z":0.12415555119514466,"w":-0.07226097583770752},"size":1.8317667245864869,"orthographic":true}