{"cameraMode":{"drawMode":0,"name":"Shaded","section":"Shading Mode"},"sceneLighting":false,"audioPlay":false,"sceneViewState":{"showFog":true,"showMaterialUpdate":false,"showSkybox":true,"showFlares":true,"showImageEffects":true,"showParticleSystems":true},"in2DMode":false,"pivot":{"x":9.5367431640625e-7,"y":-9.5367431640625e-7,"z":-2.499999761581421},"rotation":{"x":-0.3586712181568146,"y":-0.016797278076410295,"z":0.006456476636230946,"w":-0.9332905411720276},"size":14.28942584991455,"orthographic":true}