{"cameraMode":{"drawMode":0,"name":"Shaded","section":"Shading Mode"},"sceneLighting":false,"audioPlay":false,"sceneViewState":{"showFog":true,"showMaterialUpdate":false,"showSkybox":true,"showFlares":true,"showImageEffects":true,"showParticleSystems":true},"in2DMode":false,"pivot":{"x":0.0,"y":1.3675127029418946,"z":-0.01717585325241089},"rotation":{"x":0.0006389970658347011,"y":-0.998990535736084,"z":0.014386076480150223,"w":0.04255210980772972},"size":3.4688260555267336,"orthographic":true}