{"cameraMode":{"drawMode":0,"name":"Shaded","section":"Shading Mode"},"sceneLighting":false,"audioPlay":false,"sceneViewState":{"showFog":true,"showMaterialUpdate":false,"showSkybox":true,"showFlares":true,"showImageEffects":true,"showParticleSystems":true},"in2DMode":false,"pivot":{"x":0.31591796875,"y":1.13037109375,"z":3.21392822265625},"rotation":{"x":0.09096986800432205,"y":-0.7277425527572632,"z":0.09838429093360901,"w":0.6726335287094116},"size":2.5578672885894777,"orthographic":true}