{"cameraMode":{"drawMode":0,"name":"Shaded","section":"Shading Mode"},"sceneLighting":false,"audioPlay":false,"sceneViewState":{"showFog":true,"showMaterialUpdate":false,"showSkybox":true,"showFlares":true,"showImageEffects":true,"showParticleSystems":true},"in2DMode":false,"pivot":{"x":2.5291121006011965,"y":1.118213176727295,"z":-0.3401522636413574},"rotation":{"x":-0.36710992455482485,"y":-0.0027886205352842809,"z":0.0011009098961949349,"w":-0.9301727414131165},"size":7.303967475891113,"orthographic":false}