{"cameraMode":{"drawMode":0,"name":"Shaded","section":"Shading Mode"},"sceneLighting":false,"audioPlay":false,"sceneViewState":{"showFog":true,"showMaterialUpdate":false,"showSkybox":true,"showFlares":true,"showImageEffects":true,"showParticleSystems":true},"in2DMode":false,"pivot":{"x":0.03135005384683609,"y":-0.00999913364648819,"z":-1.4901161193847657e-7},"rotation":{"x":-0.3020762801170349,"y":-0.014296886511147023,"z":0.004543900024145842,"w":-0.9531657695770264},"size":0.47871506214141848,"orthographic":true}