{"cameraMode":{"drawMode":0,"name":"Shaded","section":"Shading Mode"},"sceneLighting":false,"audioPlay":false,"sceneViewState":{"showFog":true,"showMaterialUpdate":false,"showSkybox":true,"showFlares":true,"showImageEffects":true,"showParticleSystems":true},"in2DMode":false,"pivot":{"x":0.9284751415252686,"y":-0.3678901195526123,"z":-0.027610301971435548},"rotation":{"x":-0.3347899913787842,"y":-0.009891912341117859,"z":0.003515066811814904,"w":-0.9422342777252197},"size":3.9353859424591066,"orthographic":false}