{"cameraMode":{"drawMode":0,"name":"Shaded","section":"Shading Mode"},"sceneLighting":false,"audioPlay":false,"sceneViewState":{"showFog":true,"showMaterialUpdate":false,"showSkybox":true,"showFlares":true,"showImageEffects":true,"showParticleSystems":true},"in2DMode":false,"pivot":{"x":-2.0,"y":0.319001168012619,"z":-1.0203396081924439},"rotation":{"x":-0.028820542618632318,"y":-0.9605295658111572,"z":0.10881924629211426,"w":-0.2543832063674927},"size":1.6131521463394166,"orthographic":true}