{"cameraMode":{"drawMode":0,"name":"Shaded","section":"Shading Mode"},"sceneLighting":false,"audioPlay":false,"sceneViewState":{"showFog":true,"showMaterialUpdate":false,"showSkybox":true,"showFlares":true,"showImageEffects":true,"showParticleSystems":true},"in2DMode":false,"pivot":{"x":0.0,"y":0.3832647204399109,"z":-1.0123820304870606},"rotation":{"x":-0.011025500483810902,"y":-0.9820733666419983,"z":0.060778893530368808,"w":-0.1780909150838852},"size":1.831766963005066,"orthographic":true}