{"cameraMode":{"drawMode":0,"name":"Shaded","section":"Shading Mode"},"sceneLighting":false,"audioPlay":false,"sceneViewState":{"showFog":true,"showMaterialUpdate":false,"showSkybox":true,"showFlares":true,"showImageEffects":true,"showParticleSystems":true},"in2DMode":false,"pivot":{"x":0.9138425588607788,"y":0.4463012218475342,"z":0.34387731552124026},"rotation":{"x":-0.3347899913787842,"y":-0.009891912341117859,"z":0.003515066811814904,"w":-0.9422342777252197},"size":4.647326946258545,"orthographic":false}