{"cameraMode":{"drawMode":0,"name":"Shaded","section":"Shading Mode"},"sceneLighting":false,"audioPlay":false,"sceneViewState":{"showFog":true,"showMaterialUpdate":false,"showSkybox":true,"showFlares":true,"showImageEffects":true,"showParticleSystems":true},"in2DMode":false,"pivot":{"x":0.11067819595336914,"y":0.08408363163471222,"z":1.8213404417037964},"rotation":{"x":-0.2133808135986328,"y":0.05711798742413521,"z":-0.012477339245378971,"w":-0.9752181768417358},"size":11.671304702758789,"orthographic":true}