{"cameraMode":{"drawMode":0,"name":"Shaded","section":"Shading Mode"},"sceneLighting":false,"audioPlay":false,"sceneViewState":{"showFog":true,"showMaterialUpdate":false,"showSkybox":true,"showFlares":true,"showImageEffects":true,"showParticleSystems":true},"in2DMode":false,"pivot":{"x":-2.8751220703125,"y":0.267822265625,"z":-1.0693359375},"rotation":{"x":-0.038271915167570117,"y":-0.9420793056488037,"z":0.11532452702522278,"w":-0.31260547041893008},"size":1.1686887741088868,"orthographic":true}