{"cameraMode":{"drawMode":0,"name":"Shaded","section":"Shading Mode"},"sceneLighting":false,"audioPlay":false,"sceneViewState":{"showFog":true,"showMaterialUpdate":false,"showSkybox":true,"showFlares":true,"showImageEffects":true,"showParticleSystems":true},"in2DMode":false,"pivot":{"x":3.341796875,"y":0.92901611328125,"z":1.62158203125},"rotation":{"x":0.02836325764656067,"y":-0.9503822326660156,"z":0.09093555808067322,"w":0.2961418330669403},"size":2.5093653202056886,"orthographic":true}