{"cameraMode":{"drawMode":0,"name":"Shaded","section":"Shading Mode"},"sceneLighting":false,"audioPlay":false,"sceneViewState":{"showFog":true,"showMaterialUpdate":false,"showSkybox":true,"showFlares":true,"showImageEffects":true,"showParticleSystems":true},"in2DMode":false,"pivot":{"x":2.698974609375,"y":1.1072998046875,"z":0.0810546875},"rotation":{"x":0.026033176109194757,"y":-0.9565273523330689,"z":0.0900762602686882,"w":0.2761595845222473},"size":3.4482321739196779,"orthographic":true}