{"cameraMode":{"drawMode":0,"name":"Shaded","section":"Shading Mode"},"sceneLighting":false,"audioPlay":false,"sceneViewState":{"showFog":true,"showMaterialUpdate":false,"showSkybox":true,"showFlares":true,"showImageEffects":true,"showParticleSystems":true},"in2DMode":false,"pivot":{"x":0.4203948974609375,"y":1.774749755859375,"z":0.945068359375},"rotation":{"x":-0.0002464751014485955,"y":-0.9997172355651856,"z":0.014397985301911831,"w":-0.018927518278360368},"size":3.1354587078094484,"orthographic":true}