{"cameraMode":{"drawMode":0,"name":"Shaded","section":"Shading Mode"},"sceneLighting":false,"audioPlay":false,"sceneViewState":{"showFog":true,"showMaterialUpdate":false,"showSkybox":true,"showFlares":true,"showImageEffects":true,"showParticleSystems":true},"in2DMode":false,"pivot":{"x":3.7254374027252199,"y":-2.373851776123047,"z":-2.7061729431152345},"rotation":{"x":-0.41541391611099245,"y":0.0040951939299702648,"z":-0.0018699043430387974,"w":-0.9096213579177856},"size":14.154622077941895,"orthographic":false}