{"cameraMode":{"drawMode":0,"name":"Shaded","section":"Shading Mode"},"sceneLighting":false,"audioPlay":false,"sceneViewState":{"showFog":true,"showMaterialUpdate":false,"showSkybox":true,"showFlares":true,"showImageEffects":true,"showParticleSystems":true},"in2DMode":false,"pivot":{"x":0.705916166305542,"y":-0.088134765625,"z":-0.0119171142578125},"rotation":{"x":-0.3515559732913971,"y":0.028080984950065614,"z":-0.01055024191737175,"w":-0.9356861710548401},"size":7.112768173217773,"orthographic":false}