{"cameraMode":{"drawMode":0,"name":"Shaded","section":"Shading Mode"},"sceneLighting":false,"audioPlay":false,"sceneViewState":{"showFog":true,"showMaterialUpdate":false,"showSkybox":true,"showFlares":true,"showImageEffects":true,"showParticleSystems":true},"in2DMode":false,"pivot":{"x":0.0,"y":0.8375128507614136,"z":-0.01717585325241089},"rotation":{"x":-0.0623803548514843,"y":-0.8679201602935791,"z":0.11285726726055145,"w":-0.47967347502708437},"size":3.6410109996795656,"orthographic":true}