{"cameraMode":{"drawMode":0,"name":"Shaded","section":"Shading Mode"},"sceneLighting":false,"audioPlay":false,"sceneViewState":{"showFog":true,"showMaterialUpdate":false,"showSkybox":true,"showFlares":true,"showImageEffects":true,"showParticleSystems":true},"in2DMode":false,"pivot":{"x":0.41748046875,"y":1.545318603515625,"z":0.92724609375},"rotation":{"x":0.000059108788263984025,"y":-0.999330997467041,"z":0.0008991747163236141,"w":0.036561574786901477},"size":3.6249232292175295,"orthographic":true}