{"cameraMode":{"drawMode":0,"name":"Shaded","section":"Shading Mode"},"sceneLighting":false,"audioPlay":false,"sceneViewState":{"showFog":true,"showMaterialUpdate":false,"showSkybox":true,"showFlares":true,"showImageEffects":true,"showParticleSystems":true},"in2DMode":false,"pivot":{"x":-0.09659194946289063,"y":0.7974395751953125,"z":0.08807373046875},"rotation":{"x":0.0877857655286789,"y":0.00624702125787735,"z":-0.0005756801692768931,"w":0.9961196780204773},"size":0.3742893636226654,"orthographic":true}