{"cameraMode":{"drawMode":0,"name":"Shaded","section":"Shading Mode"},"sceneLighting":false,"audioPlay":false,"sceneViewState":{"showFog":true,"showMaterialUpdate":false,"showSkybox":true,"showFlares":true,"showImageEffects":true,"showParticleSystems":true},"in2DMode":false,"pivot":{"x":2.0947022438049318,"y":-0.7533531188964844,"z":0.12106990814208985},"rotation":{"x":-0.5275581479072571,"y":-0.02038244716823101,"z":0.01266306359320879,"w":-0.8491799831390381},"size":10.524519920349121,"orthographic":false}