{"cameraMode":{"drawMode":0,"name":"Shaded","section":"Shading Mode"},"sceneLighting":false,"audioPlay":false,"sceneViewState":{"showFog":true,"showMaterialUpdate":false,"showSkybox":true,"showFlares":true,"showImageEffects":true,"showParticleSystems":true},"in2DMode":false,"pivot":{"x":2.09619140625,"y":1.0142822265625,"z":-0.407958984375},"rotation":{"x":-0.08180833607912064,"y":-0.8566700220108032,"z":0.1434532105922699,"w":-0.48871779441833498},"size":1.3851357698440552,"orthographic":true}