{"cameraMode":{"drawMode":0,"name":"Shaded","section":"Shading Mode"},"sceneLighting":false,"audioPlay":false,"sceneViewState":{"showFog":true,"showMaterialUpdate":false,"showSkybox":true,"showFlares":true,"showImageEffects":true,"showParticleSystems":true},"in2DMode":false,"pivot":{"x":1.9396958351135255,"y":-0.1766071319580078,"z":-0.4895029067993164},"rotation":{"x":-0.5715572834014893,"y":-0.0024584506172686817,"z":0.0017136003589257599,"w":-0.8205567598342896},"size":5.254469871520996,"orthographic":false}