{"cameraMode":{"drawMode":0,"name":"Shaded","section":"Shading Mode"},"sceneLighting":false,"audioPlay":false,"sceneViewState":{"showFog":true,"showMaterialUpdate":false,"showSkybox":true,"showFlares":true,"showImageEffects":true,"showParticleSystems":true},"in2DMode":false,"pivot":{"x":2.5776901245117189,"y":-1.5078229904174805,"z":-1.1964588165283204},"rotation":{"x":-0.3305632472038269,"y":0.0028332676738500597,"z":-0.0009920414304360748,"w":-0.9437791109085083},"size":12.585857391357422,"orthographic":false}