{"cameraMode":{"drawMode":0,"name":"Shaded","section":"Shading Mode"},"sceneLighting":false,"audioPlay":false,"sceneViewState":{"showFog":true,"showMaterialUpdate":false,"showSkybox":true,"showFlares":true,"showImageEffects":true,"showParticleSystems":true},"in2DMode":false,"pivot":{"x":1.270126223564148,"y":0.7997646331787109,"z":2.15657377243042},"rotation":{"x":-0.5715572834014893,"y":-0.0024584506172686817,"z":0.0017136003589257599,"w":-0.8205567598342896},"size":6.600058555603027,"orthographic":false}